event_id,event_date,temperature_proxy,strike_type,extreme_group
HIGHNY-22DEC22,2022-12-22,50.0,less,normal
HIGHNY-22DEC23,2022-12-23,57.5,between,normal
HIGHNY-22DEC24,2022-12-24,19.0,less,extreme
HIGHNY-22DEC25,2022-12-25,27.5,between,extreme
HIGHNY-22DEC26,2022-12-26,28.5,between,extreme
HIGHNY-22DEC27,2022-12-27,35.5,between,extreme
HIGHNY-22DEC28,2022-12-28,46.5,between,normal
HIGHNY-22DEC29,2022-12-29,51.0,greater,normal
HIGHNY-22DEC30,2022-12-30,58.0,greater,normal
HIGHNY-22DEC31,2022-12-31,54.5,between,normal
HIGHNY-23APR01,2023-04-01,72.0,greater,normal
HIGHNY-23APR02,2023-04-02,50.5,between,normal
HIGHNY-23APR03,2023-04-03,58.5,between,normal
HIGHNY-23APR04,2023-04-04,70.0,greater,normal
HIGHNY-23APR05,2023-04-05,57.5,between,normal
HIGHNY-23APR06,2023-04-06,77.0,greater,normal
HIGHNY-23APR07,2023-04-07,60.5,between,normal
HIGHNY-23APR08,2023-04-08,53.5,between,normal
HIGHNY-23APR09,2023-04-09,56.5,between,normal
HIGHNY-23APR10,2023-04-10,64.0,greater,normal
HIGHNY-23APR11,2023-04-11,72.0,greater,normal
HIGHNY-23APR12,2023-04-12,80.0,greater,normal
HIGHNY-23APR13,2023-04-13,90.0,greater,extreme
HIGHNY-23APR14,2023-04-14,90.0,greater,extreme
HIGHNY-23APR15,2023-04-15,72.0,greater,normal
HIGHNY-23APR16,2023-04-16,70.5,between,normal
HIGHNY-23APR17,2023-04-17,67.5,between,normal
HIGHNY-23APR18,2023-04-18,56.5,between,normal
HIGHNY-23APR19,2023-04-19,63.5,between,normal
HIGHNY-23APR20,2023-04-20,66.0,less,normal
HIGHNY-23APR21,2023-04-21,70.5,between,normal
HIGHNY-23APR22,2023-04-22,66.5,between,normal
HIGHNY-23APR23,2023-04-23,69.5,between,normal
HIGHNY-23APR24,2023-04-24,61.5,between,normal
HIGHNY-23APR25,2023-04-25,60.5,between,normal
HIGHNY-23APR26,2023-04-26,60.5,between,normal
HIGHNY-23APR27,2023-04-27,58.0,less,normal
HIGHNY-23APR28,2023-04-28,58.0,less,normal
HIGHNY-23APR29,2023-04-29,52.5,between,normal
HIGHNY-23APR30,2023-04-30,59.5,between,normal
HIGHNY-23AUG01,2023-08-01,81.5,between,normal
HIGHNY-23AUG02,2023-08-02,81.5,between,normal
HIGHNY-23AUG03,2023-08-03,80.5,between,normal
HIGHNY-23AUG04,2023-08-04,76.5,between,normal
HIGHNY-23AUG05,2023-08-05,87.5,between,extreme
HIGHNY-23AUG06,2023-08-06,87.5,between,extreme
HIGHNY-23AUG07,2023-08-07,80.5,between,normal
HIGHNY-23AUG08,2023-08-08,79.5,between,normal
HIGHNY-23AUG09,2023-08-09,86.5,between,extreme
HIGHNY-23AUG10,2023-08-10,81.5,between,normal
HIGHNY-23AUG11,2023-08-11,84.5,between,normal
HIGHNY-23AUG12,2023-08-12,84.5,between,normal
HIGHNY-23AUG13,2023-08-13,88.5,between,extreme
HIGHNY-23AUG14,2023-08-14,86.5,between,extreme
HIGHNY-23AUG15,2023-08-15,80.5,between,normal
HIGHNY-23AUG16,2023-08-16,81.5,between,normal
HIGHNY-23AUG17,2023-08-17,79.5,between,normal
HIGHNY-23AUG18,2023-08-18,80.5,between,normal
HIGHNY-23AUG19,2023-08-19,78.5,between,normal
HIGHNY-23AUG20,2023-08-20,84.5,between,normal
HIGHNY-23AUG21,2023-08-21,87.5,between,extreme
HIGHNY-23AUG22,2023-08-22,78.5,between,normal
HIGHNY-23AUG23,2023-08-23,79.5,between,normal
HIGHNY-23AUG24,2023-08-24,72.5,between,normal
HIGHNY-23AUG25,2023-08-25,77.5,between,normal
HIGHNY-23AUG26,2023-08-26,83.5,between,normal
HIGHNY-23AUG27,2023-08-27,84.0,greater,normal
HIGHNY-23AUG28,2023-08-28,75.5,between,normal
HIGHNY-23AUG29,2023-08-29,79.5,between,normal
HIGHNY-23AUG30,2023-08-30,83.5,between,normal
HIGHNY-23AUG31,2023-08-31,77.5,between,normal
HIGHNY-23DEC01,2023-12-01,50.5,between,normal
HIGHNY-23DEC02,2023-12-02,59.5,between,normal
HIGHNY-23DEC03,2023-12-03,53.5,between,normal
HIGHNY-23DEC04,2023-12-04,54.5,between,normal
HIGHNY-23DEC05,2023-12-05,43.5,between,normal
HIGHNY-23DEC06,2023-12-06,43.5,between,normal
HIGHNY-23DEC07,2023-12-07,39.5,between,extreme
HIGHNY-23DEC08,2023-12-08,50.0,greater,normal
HIGHNY-23DEC09,2023-12-09,56.0,greater,normal
HIGHNY-23DEC10,2023-12-10,60.5,between,normal
HIGHNY-23DEC11,2023-12-11,49.0,greater,normal
HIGHNY-23DEC12,2023-12-12,44.5,between,normal
HIGHNY-23DEC13,2023-12-13,46.5,between,normal
HIGHNY-23DEC14,2023-12-14,41.5,between,extreme
HIGHNY-23DEC15,2023-12-15,57.0,greater,normal
HIGHNY-23DEC16,2023-12-16,53.5,between,normal
HIGHNY-23DEC17,2023-12-17,58.5,between,normal
HIGHNY-23DEC18,2023-12-18,62.5,between,normal
HIGHNY-23DEC19,2023-12-19,43.5,between,normal
HIGHNY-23DEC20,2023-12-20,46.5,between,normal
HIGHNY-23DEC21,2023-12-21,41.5,between,extreme
HIGHNY-23DEC22,2023-12-22,36.5,between,extreme
HIGHNY-23DEC23,2023-12-23,44.5,between,normal
HIGHNY-23DEC25,2023-12-25,49.5,between,normal
HIGHNY-23DEC26,2023-12-26,50.5,between,normal
HIGHNY-23DEC27,2023-12-27,50.5,between,normal
HIGHNY-23DEC28,2023-12-28,54.5,between,normal
HIGHNY-23DEC29,2023-12-29,55.5,between,normal
HIGHNY-23DEC30,2023-12-30,46.5,between,normal
HIGHNY-23DEC31,2023-12-31,43.5,between,normal
HIGHNY-23FEB01,2023-02-01,38.5,between,extreme
HIGHNY-23FEB02,2023-02-02,40.5,between,extreme
HIGHNY-23FEB03,2023-02-03,35.5,between,extreme
HIGHNY-23FEB04,2023-02-04,26.5,between,extreme
HIGHNY-23FEB05,2023-02-05,48.5,between,normal
HIGHNY-23FEB06,2023-02-06,51.5,between,normal
HIGHNY-23FEB07,2023-02-07,43.5,between,normal
HIGHNY-23FEB08,2023-02-08,52.0,greater,normal
HIGHNY-23FEB09,2023-02-09,55.5,between,normal
HIGHNY-23FEB10,2023-02-10,61.0,greater,normal
HIGHNY-23FEB11,2023-02-11,45.5,between,normal
HIGHNY-23FEB12,2023-02-12,47.5,between,normal
HIGHNY-23FEB13,2023-02-13,57.0,greater,normal
HIGHNY-23FEB14,2023-02-14,53.5,between,normal
HIGHNY-23FEB15,2023-02-15,62.0,greater,normal
HIGHNY-23FEB16,2023-02-16,63.0,greater,normal
HIGHNY-23FEB17,2023-02-17,60.5,between,normal
HIGHNY-23FEB18,2023-02-18,43.5,between,normal
HIGHNY-23FEB19,2023-02-19,49.5,between,normal
HIGHNY-23FEB20,2023-02-20,59.0,greater,normal
HIGHNY-23FEB21,2023-02-21,49.5,between,normal
HIGHNY-23FEB22,2023-02-22,44.5,between,normal
HIGHNY-23FEB23,2023-02-23,48.0,less,normal
HIGHNY-23FEB24,2023-02-24,44.5,between,normal
HIGHNY-23FEB25,2023-02-25,33.5,between,extreme
HIGHNY-23FEB26,2023-02-26,50.5,between,normal
HIGHNY-23FEB27,2023-02-27,43.0,greater,normal
HIGHNY-23FEB28,2023-02-28,37.5,between,extreme
HIGHNY-23JAN01,2023-01-01,54.5,between,normal
HIGHNY-23JAN02,2023-01-02,56.5,between,normal
HIGHNY-23JAN03,2023-01-03,57.5,between,normal
HIGHNY-23JAN04,2023-01-04,64.0,greater,normal
HIGHNY-23JAN05,2023-01-05,51.0,less,normal
HIGHNY-23JAN06,2023-01-06,49.5,between,normal
HIGHNY-23JAN07,2023-01-07,44.5,between,normal
HIGHNY-23JAN08,2023-01-08,40.5,between,extreme
HIGHNY-23JAN09,2023-01-09,44.5,between,normal
HIGHNY-23JAN10,2023-01-10,40.5,between,extreme
HIGHNY-23JAN11,2023-01-11,39.5,between,extreme
HIGHNY-23JAN12,2023-01-12,54.5,between,normal
HIGHNY-23JAN13,2023-01-13,56.5,between,normal
HIGHNY-23JAN14,2023-01-14,37.5,between,extreme
HIGHNY-23JAN15,2023-01-15,41.5,between,extreme
HIGHNY-23JAN16,2023-01-16,47.5,between,normal
HIGHNY-23JAN17,2023-01-17,47.0,greater,normal
HIGHNY-23JAN18,2023-01-18,52.5,between,normal
HIGHNY-23JAN19,2023-01-19,44.5,between,normal
HIGHNY-23JAN20,2023-01-20,48.5,between,normal
HIGHNY-23JAN21,2023-01-21,42.5,between,extreme
HIGHNY-23JAN22,2023-01-22,41.5,between,extreme
HIGHNY-23JAN23,2023-01-23,39.0,less,extreme
HIGHNY-23JAN24,2023-01-24,46.0,greater,normal
HIGHNY-23JAN25,2023-01-25,53.0,greater,normal
HIGHNY-23JAN26,2023-01-26,57.0,greater,normal
HIGHNY-23JAN27,2023-01-27,44.5,between,normal
HIGHNY-23JAN28,2023-01-28,51.0,greater,normal
HIGHNY-23JAN29,2023-01-29,52.5,between,normal
HIGHNY-23JAN30,2023-01-30,54.5,between,normal
HIGHNY-23JAN31,2023-01-31,49.0,greater,normal
HIGHNY-23JUL01,2023-07-01,81.5,between,normal
HIGHNY-23JUL02,2023-07-02,84.0,greater,normal
HIGHNY-23JUL03,2023-07-03,88.5,between,extreme
HIGHNY-23JUL04,2023-07-04,83.5,between,normal
HIGHNY-23JUL05,2023-07-05,92.5,between,extreme
HIGHNY-23JUL06,2023-07-06,89.5,between,extreme
HIGHNY-23JUL07,2023-07-07,86.5,between,extreme
HIGHNY-23JUL08,2023-07-08,88.5,between,extreme
HIGHNY-23JUL09,2023-07-09,82.5,between,normal
HIGHNY-23JUL10,2023-07-10,84.5,between,normal
HIGHNY-23JUL11,2023-07-11,89.5,between,extreme
HIGHNY-23JUL12,2023-07-12,90.5,between,extreme
HIGHNY-23JUL13,2023-07-13,87.5,between,extreme
HIGHNY-23JUL14,2023-07-14,83.5,between,normal
HIGHNY-23JUL15,2023-07-15,88.5,between,extreme
HIGHNY-23JUL16,2023-07-16,79.0,less,normal
HIGHNY-23JUL17,2023-07-17,87.5,between,extreme
HIGHNY-23JUL18,2023-07-18,84.5,between,normal
HIGHNY-23JUL19,2023-07-19,81.0,less,normal
HIGHNY-23JUL20,2023-07-20,87.5,between,extreme
HIGHNY-23JUL21,2023-07-21,83.5,between,normal
HIGHNY-23JUL22,2023-07-22,84.5,between,normal
HIGHNY-23JUL23,2023-07-23,87.5,between,extreme
HIGHNY-23JUL24,2023-07-24,85.5,between,extreme
HIGHNY-23JUL25,2023-07-25,85.5,between,extreme
HIGHNY-23JUL26,2023-07-26,86.5,between,extreme
HIGHNY-23JUL27,2023-07-27,92.0,less,extreme
HIGHNY-23JUL28,2023-07-28,92.5,between,extreme
HIGHNY-23JUL29,2023-07-29,89.5,between,extreme
HIGHNY-23JUL30,2023-07-30,80.5,between,normal
HIGHNY-23JUL31,2023-07-31,84.5,between,normal
HIGHNY-23JUN01,2023-06-01,87.0,greater,extreme
HIGHNY-23JUN02,2023-06-02,91.5,between,extreme
HIGHNY-23JUN03,2023-06-03,68.5,between,normal
HIGHNY-23JUN04,2023-06-04,68.5,between,normal
HIGHNY-23JUN05,2023-06-05,76.5,between,normal
HIGHNY-23JUN06,2023-06-06,78.5,between,normal
HIGHNY-23JUN07,2023-06-07,71.0,less,normal
HIGHNY-23JUN08,2023-06-08,71.5,between,normal
HIGHNY-23JUN09,2023-06-09,71.5,between,normal
HIGHNY-23JUN10,2023-06-10,78.5,between,normal
HIGHNY-23JUN11,2023-06-11,81.5,between,normal
HIGHNY-23JUN12,2023-06-12,77.5,between,normal
HIGHNY-23JUN13,2023-06-13,78.5,between,normal
HIGHNY-23JUN14,2023-06-14,76.5,between,normal
HIGHNY-23JUN15,2023-06-15,77.5,between,normal
HIGHNY-23JUN16,2023-06-16,78.5,between,normal
HIGHNY-23JUN17,2023-06-17,77.5,between,normal
HIGHNY-23JUN18,2023-06-18,80.5,between,normal
HIGHNY-23JUN19,2023-06-19,80.5,between,normal
HIGHNY-23JUN20,2023-06-20,77.5,between,normal
HIGHNY-23JUN21,2023-06-21,73.5,between,normal
HIGHNY-23JUN22,2023-06-22,72.0,greater,normal
HIGHNY-23JUN23,2023-06-23,72.0,less,normal
HIGHNY-23JUN24,2023-06-24,77.5,between,normal
HIGHNY-23JUN25,2023-06-25,85.5,between,extreme
HIGHNY-23JUN26,2023-06-26,77.5,between,normal
HIGHNY-23JUN27,2023-06-27,79.5,between,normal
HIGHNY-23JUN28,2023-06-28,81.5,between,normal
HIGHNY-23JUN29,2023-06-29,82.5,between,normal
HIGHNY-23JUN30,2023-06-30,83.5,between,normal
HIGHNY-23MAR01,2023-03-01,43.5,between,normal
HIGHNY-23MAR02,2023-03-02,54.5,between,normal
HIGHNY-23MAR03,2023-03-03,46.0,greater,normal
HIGHNY-23MAR04,2023-03-04,45.5,between,normal
HIGHNY-23MAR05,2023-03-05,52.5,between,normal
HIGHNY-23MAR06,2023-03-06,51.5,between,normal
HIGHNY-23MAR07,2023-03-07,46.0,greater,normal
HIGHNY-23MAR08,2023-03-08,47.5,between,normal
HIGHNY-23MAR09,2023-03-09,50.5,between,normal
HIGHNY-23MAR10,2023-03-10,46.5,between,normal
HIGHNY-23MAR11,2023-03-11,45.5,between,normal
HIGHNY-23MAR12,2023-03-12,48.5,between,normal
HIGHNY-23MAR13,2023-03-13,44.5,between,normal
HIGHNY-23MAR14,2023-03-14,38.5,between,extreme
HIGHNY-23MAR15,2023-03-15,45.5,between,normal
HIGHNY-23MAR16,2023-03-16,58.0,greater,normal
HIGHNY-23MAR17,2023-03-17,59.5,between,normal
HIGHNY-23MAR18,2023-03-18,55.5,between,normal
HIGHNY-23MAR19,2023-03-19,40.5,between,extreme
HIGHNY-23MAR20,2023-03-20,50.5,between,normal
HIGHNY-23MAR21,2023-03-21,61.0,greater,normal
HIGHNY-23MAR22,2023-03-22,60.0,greater,normal
HIGHNY-23MAR23,2023-03-23,59.5,between,normal
HIGHNY-23MAR24,2023-03-24,54.5,between,normal
HIGHNY-23MAR25,2023-03-25,46.5,between,normal
HIGHNY-23MAR26,2023-03-26,63.5,between,normal
HIGHNY-23MAR27,2023-03-27,59.0,greater,normal
HIGHNY-23MAR28,2023-03-28,52.5,between,normal
HIGHNY-23MAR29,2023-03-29,55.5,between,normal
HIGHNY-23MAR30,2023-03-30,45.5,between,normal
HIGHNY-23MAR31,2023-03-31,56.5,between,normal
HIGHNY-23MAY01,2023-05-01,60.5,between,normal
HIGHNY-23MAY02,2023-05-02,55.5,between,normal
HIGHNY-23MAY03,2023-05-03,56.5,between,normal
HIGHNY-23MAY04,2023-05-04,55.5,between,normal
HIGHNY-23MAY05,2023-05-05,65.0,greater,normal
HIGHNY-23MAY06,2023-05-06,72.5,between,normal
HIGHNY-23MAY07,2023-05-07,78.0,greater,normal
HIGHNY-23MAY08,2023-05-08,77.5,between,normal
HIGHNY-23MAY09,2023-05-09,70.0,greater,normal
HIGHNY-23MAY10,2023-05-10,72.5,between,normal
HIGHNY-23MAY11,2023-05-11,80.5,between,normal
HIGHNY-23MAY12,2023-05-12,86.5,between,extreme
HIGHNY-23MAY13,2023-05-13,81.5,between,normal
HIGHNY-23MAY14,2023-05-14,73.5,between,normal
HIGHNY-23MAY15,2023-05-15,74.5,between,normal
HIGHNY-23MAY16,2023-05-16,79.5,between,normal
HIGHNY-23MAY17,2023-05-17,69.5,between,normal
HIGHNY-23MAY18,2023-05-18,60.5,between,normal
HIGHNY-23MAY19,2023-05-19,70.5,between,normal
HIGHNY-23MAY20,2023-05-20,65.5,between,normal
HIGHNY-23MAY21,2023-05-21,70.0,less,normal
HIGHNY-23MAY22,2023-05-22,75.5,between,normal
HIGHNY-23MAY23,2023-05-23,70.5,between,normal
HIGHNY-23MAY24,2023-05-24,76.5,between,normal
HIGHNY-23MAY25,2023-05-25,68.5,between,normal
HIGHNY-23MAY26,2023-05-26,71.5,between,normal
HIGHNY-23MAY27,2023-05-27,78.5,between,normal
HIGHNY-23MAY28,2023-05-28,79.5,between,normal
HIGHNY-23MAY29,2023-05-29,78.5,between,normal
HIGHNY-23MAY30,2023-05-30,71.5,between,normal
HIGHNY-23MAY31,2023-05-31,77.5,between,normal
HIGHNY-23NOV01,2023-11-01,49.5,between,normal
HIGHNY-23NOV02,2023-11-02,47.5,between,normal
HIGHNY-23NOV03,2023-11-03,54.5,between,normal
HIGHNY-23NOV04,2023-11-04,61.5,between,normal
HIGHNY-23NOV05,2023-11-05,64.5,between,normal
HIGHNY-23NOV06,2023-11-06,55.5,between,normal
HIGHNY-23NOV07,2023-11-07,64.5,between,normal
HIGHNY-23NOV08,2023-11-08,54.0,greater,normal
HIGHNY-23NOV09,2023-11-09,60.0,less,normal
HIGHNY-23NOV10,2023-11-10,52.5,between,normal
HIGHNY-23NOV11,2023-11-11,55.0,greater,normal
HIGHNY-23NOV12,2023-11-12,44.5,between,normal
HIGHNY-23NOV13,2023-11-13,48.5,between,normal
HIGHNY-23NOV14,2023-11-14,52.5,between,normal
HIGHNY-23NOV15,2023-11-15,52.5,between,normal
HIGHNY-23NOV16,2023-11-16,64.0,greater,normal
HIGHNY-23NOV17,2023-11-17,66.5,between,normal
HIGHNY-23NOV18,2023-11-18,58.0,greater,normal
HIGHNY-23NOV19,2023-11-19,55.5,between,normal
HIGHNY-23NOV20,2023-11-20,45.5,between,normal
HIGHNY-23NOV21,2023-11-21,48.5,between,normal
HIGHNY-23NOV22,2023-11-22,54.5,between,normal
HIGHNY-23NOV23,2023-11-23,51.5,between,normal
HIGHNY-23NOV24,2023-11-24,51.0,greater,normal
HIGHNY-23NOV25,2023-11-25,40.5,between,extreme
HIGHNY-23NOV26,2023-11-26,53.0,greater,normal
HIGHNY-23NOV27,2023-11-27,55.0,greater,normal
HIGHNY-23NOV28,2023-11-28,40.5,between,extreme
HIGHNY-23NOV29,2023-11-29,38.5,between,extreme
HIGHNY-23NOV30,2023-11-30,51.0,greater,normal
HIGHNY-23OCT01,2023-10-01,76.5,between,normal
HIGHNY-23OCT02,2023-10-02,76.5,between,normal
HIGHNY-23OCT03,2023-10-03,80.5,between,normal
HIGHNY-23OCT04,2023-10-04,82.5,between,normal
HIGHNY-23OCT05,2023-10-05,77.5,between,normal
HIGHNY-23OCT06,2023-10-06,71.5,between,normal
HIGHNY-23OCT07,2023-10-07,68.5,between,normal
HIGHNY-23OCT08,2023-10-08,59.5,between,normal
HIGHNY-23OCT09,2023-10-09,60.5,between,normal
HIGHNY-23OCT10,2023-10-10,62.5,between,normal
HIGHNY-23OCT11,2023-10-11,69.5,between,normal
HIGHNY-23OCT12,2023-10-12,69.5,between,normal
HIGHNY-23OCT13,2023-10-13,62.5,between,normal
HIGHNY-23OCT14,2023-10-14,56.5,between,normal
HIGHNY-23OCT15,2023-10-15,60.5,between,normal
HIGHNY-23OCT16,2023-10-16,63.0,greater,normal
HIGHNY-23OCT17,2023-10-17,61.5,between,normal
HIGHNY-23OCT18,2023-10-18,63.5,between,normal
HIGHNY-23OCT19,2023-10-19,63.5,between,normal
HIGHNY-23OCT20,2023-10-20,63.5,between,normal
HIGHNY-23OCT21,2023-10-21,63.5,between,normal
HIGHNY-23OCT22,2023-10-22,57.5,between,normal
HIGHNY-23OCT23,2023-10-23,60.5,between,normal
HIGHNY-23OCT24,2023-10-24,65.5,between,normal
HIGHNY-23OCT25,2023-10-25,71.5,between,normal
HIGHNY-23OCT26,2023-10-26,76.5,between,normal
HIGHNY-23OCT27,2023-10-27,73.5,between,normal
HIGHNY-23OCT28,2023-10-28,80.5,between,normal
HIGHNY-23OCT29,2023-10-29,60.0,greater,normal
HIGHNY-23OCT30,2023-10-30,60.5,between,normal
HIGHNY-23OCT31,2023-10-31,51.5,between,normal
HIGHNY-23SEP01,2023-09-01,75.5,between,normal
HIGHNY-23SEP02,2023-09-02,78.5,between,normal
HIGHNY-23SEP03,2023-09-03,87.5,between,extreme
HIGHNY-23SEP04,2023-09-04,88.5,between,extreme
HIGHNY-23SEP05,2023-09-05,91.5,between,extreme
HIGHNY-23SEP06,2023-09-06,92.5,between,extreme
HIGHNY-23SEP07,2023-09-07,92.5,between,extreme
HIGHNY-23SEP08,2023-09-08,89.5,between,extreme
HIGHNY-23SEP09,2023-09-09,84.5,between,normal
HIGHNY-23SEP10,2023-09-10,77.5,between,normal
HIGHNY-23SEP11,2023-09-11,81.5,between,normal
HIGHNY-23SEP12,2023-09-12,82.5,between,normal
HIGHNY-23SEP13,2023-09-13,78.0,greater,normal
HIGHNY-23SEP14,2023-09-14,76.5,between,normal
HIGHNY-23SEP15,2023-09-15,69.5,between,normal
HIGHNY-23SEP16,2023-09-16,74.5,between,normal
HIGHNY-23SEP17,2023-09-17,77.5,between,normal
HIGHNY-23SEP18,2023-09-18,68.5,between,normal
HIGHNY-23SEP19,2023-09-19,72.5,between,normal
HIGHNY-23SEP20,2023-09-20,74.5,between,normal
HIGHNY-23SEP21,2023-09-21,71.5,between,normal
HIGHNY-23SEP22,2023-09-22,71.5,between,normal
HIGHNY-23SEP23,2023-09-23,62.5,between,normal
HIGHNY-23SEP24,2023-09-24,65.5,between,normal
HIGHNY-23SEP25,2023-09-25,65.5,between,normal
HIGHNY-23SEP26,2023-09-26,60.5,between,normal
HIGHNY-23SEP27,2023-09-27,64.5,between,normal
HIGHNY-23SEP28,2023-09-28,64.5,between,normal
HIGHNY-23SEP29,2023-09-29,63.5,between,normal
HIGHNY-23SEP30,2023-09-30,66.5,between,normal
HIGHNY-24APR01,2024-04-01,54.5,between,normal
HIGHNY-24APR02,2024-04-02,51.5,between,normal
HIGHNY-24APR03,2024-04-03,44.5,between,normal
HIGHNY-24APR04,2024-04-04,53.5,between,normal
HIGHNY-24APR05,2024-04-05,49.5,between,normal
HIGHNY-24APR06,2024-04-06,53.5,between,normal
HIGHNY-24APR07,2024-04-07,59.0,greater,normal
HIGHNY-24APR08,2024-04-08,68.0,greater,normal
HIGHNY-24APR09,2024-04-09,76.0,greater,normal
HIGHNY-24APR10,2024-04-10,64.0,greater,normal
HIGHNY-24APR11,2024-04-11,60.5,between,normal
HIGHNY-24APR12,2024-04-12,62.5,between,normal
HIGHNY-24APR13,2024-04-13,56.5,between,normal
HIGHNY-24APR14,2024-04-14,73.0,greater,normal
HIGHNY-24APR15,2024-04-15,76.0,greater,normal
HIGHNY-24APR16,2024-04-16,72.5,between,normal
HIGHNY-24APR17,2024-04-17,61.5,between,normal
HIGHNY-24APR18,2024-04-18,49.5,between,normal
HIGHNY-24APR19,2024-04-19,60.5,between,normal
HIGHNY-24APR20,2024-04-20,70.5,between,normal
HIGHNY-24APR21,2024-04-21,55.0,less,normal
HIGHNY-24APR22,2024-04-22,64.5,between,normal
HIGHNY-24APR23,2024-04-23,65.5,between,normal
HIGHNY-24APR24,2024-04-24,69.0,greater,normal
HIGHNY-24APR25,2024-04-25,59.5,between,normal
HIGHNY-24APR26,2024-04-26,64.0,greater,normal
HIGHNY-24APR27,2024-04-27,63.5,between,normal
HIGHNY-24APR28,2024-04-28,78.5,between,normal
HIGHNY-24APR29,2024-04-29,87.5,between,extreme
HIGHNY-24APR30,2024-04-30,66.0,less,normal
HIGHNY-24AUG01,2024-08-01,95.5,between,extreme
HIGHNY-24AUG02,2024-08-02,92.5,between,extreme
HIGHNY-24AUG03,2024-08-03,92.0,greater,extreme
HIGHNY-24AUG04,2024-08-04,82.5,between,normal
HIGHNY-24AUG05,2024-08-05,90.5,between,extreme
HIGHNY-24AUG06,2024-08-06,87.0,greater,extreme
HIGHNY-24AUG07,2024-08-07,72.5,between,normal
HIGHNY-24AUG08,2024-08-08,70.5,between,normal
HIGHNY-24AUG09,2024-08-09,80.5,between,normal
HIGHNY-24AUG10,2024-08-10,85.5,between,extreme
HIGHNY-24AUG11,2024-08-11,79.5,between,normal
HIGHNY-24AUG12,2024-08-12,81.5,between,normal
HIGHNY-24AUG13,2024-08-13,81.5,between,normal
HIGHNY-24AUG14,2024-08-14,85.5,between,extreme
HIGHNY-24AUG15,2024-08-15,85.5,between,extreme
HIGHNY-24AUG16,2024-08-16,86.5,between,extreme
HIGHNY-24AUG17,2024-08-17,79.5,between,normal
HIGHNY-24AUG18,2024-08-18,81.5,between,normal
HIGHNY-24AUG19,2024-08-19,83.5,between,normal
HIGHNY-24AUG20,2024-08-20,72.5,between,normal
HIGHNY-24AUG21,2024-08-21,73.5,between,normal
HIGHNY-24AUG22,2024-08-22,76.5,between,normal
HIGHNY-24AUG23,2024-08-23,79.5,between,normal
HIGHNY-24AUG24,2024-08-24,83.5,between,normal
HIGHNY-24AUG25,2024-08-25,85.5,between,extreme
HIGHNY-24AUG26,2024-08-26,85.5,between,extreme
HIGHNY-24AUG27,2024-08-27,85.5,between,extreme
HIGHNY-24AUG28,2024-08-28,91.5,between,extreme
HIGHNY-24AUG29,2024-08-29,81.0,greater,normal
HIGHNY-24AUG30,2024-08-30,73.5,between,normal
HIGHNY-24AUG31,2024-08-31,76.5,between,normal
HIGHNY-24FEB01,2024-02-01,45.5,between,normal
HIGHNY-24FEB02,2024-02-02,45.5,between,normal
HIGHNY-24FEB03,2024-02-03,42.5,between,extreme
HIGHNY-24FEB04,2024-02-04,46.5,between,normal
HIGHNY-24FEB05,2024-02-05,44.5,between,normal
HIGHNY-24FEB06,2024-02-06,41.5,between,extreme
HIGHNY-24FEB07,2024-02-07,48.5,between,normal
HIGHNY-24FEB08,2024-02-08,52.0,greater,normal
HIGHNY-24FEB09,2024-02-09,55.5,between,normal
HIGHNY-24FEB10,2024-02-10,60.5,between,normal
HIGHNY-24FEB11,2024-02-11,54.0,greater,normal
HIGHNY-24FEB12,2024-02-12,47.5,between,normal
HIGHNY-24FEB13,2024-02-13,40.0,greater,extreme
HIGHNY-24FEB14,2024-02-14,37.5,between,extreme
HIGHNY-24FEB15,2024-02-15,38.5,between,extreme
HIGHNY-24FEB16,2024-02-16,43.5,between,normal
HIGHNY-24FEB17,2024-02-17,36.5,between,extreme
HIGHNY-24FEB18,2024-02-18,39.5,between,extreme
HIGHNY-24FEB19,2024-02-19,41.5,between,extreme
HIGHNY-24FEB20,2024-02-20,40.5,between,extreme
HIGHNY-24FEB21,2024-02-21,42.5,between,extreme
HIGHNY-24FEB22,2024-02-22,44.5,between,normal
HIGHNY-24FEB23,2024-02-23,47.5,between,normal
HIGHNY-24FEB24,2024-02-24,44.0,greater,normal
HIGHNY-24FEB25,2024-02-25,40.5,between,extreme
HIGHNY-24FEB26,2024-02-26,55.5,between,normal
HIGHNY-24FEB27,2024-02-27,54.5,between,normal
HIGHNY-24FEB28,2024-02-28,61.5,between,normal
HIGHNY-24FEB29,2024-02-29,43.0,greater,normal
HIGHNY-24JAN01,2024-01-01,46.5,between,normal
HIGHNY-24JAN02,2024-01-02,42.5,between,extreme
HIGHNY-24JAN03,2024-01-03,42.5,between,extreme
HIGHNY-24JAN04,2024-01-04,45.5,between,normal
HIGHNY-24JAN05,2024-01-05,37.5,between,extreme
HIGHNY-24JAN06,2024-01-06,37.5,between,extreme
HIGHNY-24JAN07,2024-01-07,37.5,between,extreme
HIGHNY-24JAN08,2024-01-08,44.5,between,normal
HIGHNY-24JAN09,2024-01-09,55.0,greater,normal
HIGHNY-24JAN10,2024-01-10,54.0,greater,normal
HIGHNY-24JAN11,2024-01-11,47.5,between,normal
HIGHNY-24JAN12,2024-01-12,49.5,between,normal
HIGHNY-24JAN13,2024-01-13,58.0,greater,normal
HIGHNY-24JAN14,2024-01-14,44.0,greater,normal
HIGHNY-24JAN15,2024-01-15,29.5,between,extreme
HIGHNY-24JAN16,2024-01-16,32.5,between,extreme
HIGHNY-24JAN17,2024-01-17,24.5,between,extreme
HIGHNY-24JAN18,2024-01-18,33.5,between,extreme
HIGHNY-24JAN19,2024-01-19,32.5,between,extreme
HIGHNY-24JAN20,2024-01-20,26.5,between,extreme
HIGHNY-24JAN21,2024-01-21,31.5,between,extreme
HIGHNY-24JAN22,2024-01-22,37.5,between,extreme
HIGHNY-24JAN23,2024-01-23,40.5,between,extreme
HIGHNY-24JAN24,2024-01-24,45.0,greater,normal
HIGHNY-24JAN25,2024-01-25,56.0,greater,normal
HIGHNY-24JAN26,2024-01-26,46.5,between,normal
HIGHNY-24JAN27,2024-01-27,48.5,between,normal
HIGHNY-24JAN28,2024-01-28,43.5,between,normal
HIGHNY-24JAN29,2024-01-29,40.5,between,extreme
HIGHNY-24JAN30,2024-01-30,37.5,between,extreme
HIGHNY-24JAN31,2024-01-31,39.5,between,extreme
HIGHNY-24JUL01,2024-07-01,80.5,between,normal
HIGHNY-24JUL02,2024-07-02,86.5,between,extreme
HIGHNY-24JUL03,2024-07-03,82.5,between,normal
HIGHNY-24JUL04,2024-07-04,88.5,between,extreme
HIGHNY-24JUL05,2024-07-05,89.5,between,extreme
HIGHNY-24JUL06,2024-07-06,92.0,greater,extreme
HIGHNY-24JUL07,2024-07-07,93.5,between,extreme
HIGHNY-24JUL08,2024-07-08,94.0,greater,extreme
HIGHNY-24JUL09,2024-07-09,88.5,between,extreme
HIGHNY-24JUL10,2024-07-10,91.5,between,extreme
HIGHNY-24JUL11,2024-07-11,89.5,between,extreme
HIGHNY-24JUL12,2024-07-12,83.5,between,normal
HIGHNY-24JUL13,2024-07-13,86.5,between,extreme
HIGHNY-24JUL14,2024-07-14,90.5,between,extreme
HIGHNY-24JUL15,2024-07-15,91.5,between,extreme
HIGHNY-24JUL16,2024-07-16,94.5,between,extreme
HIGHNY-24JUL17,2024-07-17,89.5,between,extreme
HIGHNY-24JUL18,2024-07-18,86.5,between,extreme
HIGHNY-24JUL19,2024-07-19,83.5,between,normal
HIGHNY-24JUL20,2024-07-20,82.5,between,normal
HIGHNY-24JUL21,2024-07-21,88.5,between,extreme
HIGHNY-24JUL22,2024-07-22,83.5,between,normal
HIGHNY-24JUL23,2024-07-23,80.5,between,normal
HIGHNY-24JUL24,2024-07-24,81.5,between,normal
HIGHNY-24JUL25,2024-07-25,83.5,between,normal
HIGHNY-24JUL26,2024-07-26,83.5,between,normal
HIGHNY-24JUL27,2024-07-27,87.5,between,extreme
HIGHNY-24JUL28,2024-07-28,88.5,between,extreme
HIGHNY-24JUL29,2024-07-29,84.5,between,normal
HIGHNY-24JUL30,2024-07-30,87.5,between,extreme
HIGHNY-24JUL31,2024-07-31,88.5,between,extreme
HIGHNY-24JUN01,2024-06-01,82.5,between,normal
HIGHNY-24JUN02,2024-06-02,81.5,between,normal
HIGHNY-24JUN03,2024-06-03,86.0,greater,extreme
HIGHNY-24JUN04,2024-06-04,78.5,between,normal
HIGHNY-24JUN05,2024-06-05,78.5,between,normal
HIGHNY-24JUN06,2024-06-06,80.5,between,normal
HIGHNY-24JUN07,2024-06-07,82.5,between,normal
HIGHNY-24JUN08,2024-06-08,76.5,between,normal
HIGHNY-24JUN09,2024-06-09,75.0,less,normal
HIGHNY-24JUN10,2024-06-10,74.5,between,normal
HIGHNY-24JUN11,2024-06-11,73.0,less,normal
HIGHNY-24JUN12,2024-06-12,76.5,between,normal
HIGHNY-24JUN13,2024-06-13,83.5,between,normal
HIGHNY-24JUN14,2024-06-14,84.5,between,normal
HIGHNY-24JUN15,2024-06-15,80.5,between,normal
HIGHNY-24JUN16,2024-06-16,77.5,between,normal
HIGHNY-24JUN17,2024-06-17,82.5,between,normal
HIGHNY-24JUN18,2024-06-18,86.5,between,extreme
HIGHNY-24JUN19,2024-06-19,89.5,between,extreme
HIGHNY-24JUN20,2024-06-20,91.5,between,extreme
HIGHNY-24JUN21,2024-06-21,94.5,between,extreme
HIGHNY-24JUN22,2024-06-22,92.5,between,extreme
HIGHNY-24JUN23,2024-06-23,91.5,between,extreme
HIGHNY-24JUN24,2024-06-24,81.0,less,normal
HIGHNY-24JUN25,2024-06-25,89.5,between,extreme
HIGHNY-24JUN26,2024-06-26,92.0,greater,extreme
HIGHNY-24JUN27,2024-06-27,84.5,between,normal
HIGHNY-24JUN28,2024-06-28,78.5,between,normal
HIGHNY-24JUN29,2024-06-29,78.5,between,normal
HIGHNY-24JUN30,2024-06-30,85.5,between,extreme
HIGHNY-24MAR01,2024-03-01,48.5,between,normal
HIGHNY-24MAR02,2024-03-02,54.0,greater,normal
HIGHNY-24MAR03,2024-03-03,64.0,greater,normal
HIGHNY-24MAR04,2024-03-04,58.5,between,normal
HIGHNY-24MAR05,2024-03-05,49.5,between,normal
HIGHNY-24MAR06,2024-03-06,52.5,between,normal
HIGHNY-24MAR07,2024-03-07,54.5,between,normal
HIGHNY-24MAR08,2024-03-08,56.5,between,normal
HIGHNY-24MAR09,2024-03-09,49.5,between,normal
HIGHNY-24MAR10,2024-03-10,50.5,between,normal
HIGHNY-24MAR11,2024-03-11,52.5,between,normal
HIGHNY-24MAR12,2024-03-12,65.0,greater,normal
HIGHNY-24MAR13,2024-03-13,63.0,less,normal
HIGHNY-24MAR14,2024-03-14,73.5,between,normal
HIGHNY-24MAR15,2024-03-15,68.0,greater,normal
HIGHNY-24MAR16,2024-03-16,61.5,between,normal
HIGHNY-24MAR17,2024-03-17,62.5,between,normal
HIGHNY-24MAR18,2024-03-18,51.5,between,normal
HIGHNY-24MAR19,2024-03-19,47.5,between,normal
HIGHNY-24MAR20,2024-03-20,57.5,between,normal
HIGHNY-24MAR21,2024-03-21,42.5,between,extreme
HIGHNY-24MAR22,2024-03-22,45.5,between,normal
HIGHNY-24MAR23,2024-03-23,50.5,between,normal
HIGHNY-24MAR24,2024-03-24,47.5,between,normal
HIGHNY-24MAR25,2024-03-25,52.5,between,normal
HIGHNY-24MAR26,2024-03-26,52.5,between,normal
HIGHNY-24MAR27,2024-03-27,52.5,between,normal
HIGHNY-24MAR28,2024-03-28,51.5,between,normal
HIGHNY-24MAR29,2024-03-29,55.5,between,normal
HIGHNY-24MAR30,2024-03-30,61.5,between,normal
HIGHNY-24MAR31,2024-03-31,61.5,between,normal
HIGHNY-24MAY01,2024-05-01,74.0,greater,normal
HIGHNY-24MAY02,2024-05-02,79.0,less,normal
HIGHNY-24MAY03,2024-05-03,65.5,between,normal
HIGHNY-24MAY04,2024-05-04,63.5,between,normal
HIGHNY-24MAY05,2024-05-05,54.0,less,normal
HIGHNY-24MAY06,2024-05-06,73.5,between,normal
HIGHNY-24MAY07,2024-05-07,79.5,between,normal
HIGHNY-24MAY08,2024-05-08,84.0,greater,normal
HIGHNY-24MAY09,2024-05-09,69.5,between,normal
HIGHNY-24MAY10,2024-05-10,55.5,between,normal
HIGHNY-24MAY11,2024-05-11,64.5,between,normal
HIGHNY-24MAY12,2024-05-12,57.5,between,normal
HIGHNY-24MAY13,2024-05-13,64.5,between,normal
HIGHNY-24MAY14,2024-05-14,71.5,between,normal
HIGHNY-24MAY15,2024-05-15,64.0,less,normal
HIGHNY-24MAY16,2024-05-16,63.5,between,normal
HIGHNY-24MAY17,2024-05-17,72.5,between,normal
HIGHNY-24MAY18,2024-05-18,68.5,between,normal
HIGHNY-24MAY19,2024-05-19,75.0,greater,normal
HIGHNY-24MAY20,2024-05-20,73.5,between,normal
HIGHNY-24MAY21,2024-05-21,83.5,between,normal
HIGHNY-24MAY22,2024-05-22,83.5,between,normal
HIGHNY-24MAY23,2024-05-23,80.0,less,normal
HIGHNY-24MAY24,2024-05-24,83.5,between,normal
HIGHNY-24MAY25,2024-05-25,80.5,between,normal
HIGHNY-24MAY26,2024-05-26,81.5,between,normal
HIGHNY-24MAY27,2024-05-27,73.5,between,normal
HIGHNY-24MAY28,2024-05-28,79.0,less,normal
HIGHNY-24MAY29,2024-05-29,76.5,between,normal
HIGHNY-24MAY30,2024-05-30,71.5,between,normal
HIGHNY-24MAY31,2024-05-31,75.5,between,normal
HIGHNY-24OCT01,2024-10-01,68.5,between,normal
HIGHNY-24OCT02,2024-10-02,68.5,between,normal
HIGHNY-24OCT03,2024-10-03,72.5,between,normal
HIGHNY-24OCT04,2024-10-04,72.5,between,normal
HIGHNY-24OCT05,2024-10-05,75.5,between,normal
HIGHNY-24OCT06,2024-10-06,71.5,between,normal
HIGHNY-24OCT07,2024-10-07,74.5,between,normal
HIGHNY-24OCT08,2024-10-08,68.5,between,normal
HIGHNY-24OCT09,2024-10-09,67.5,between,normal
HIGHNY-24OCT10,2024-10-10,61.5,between,normal
HIGHNY-24OCT11,2024-10-11,68.5,between,normal
HIGHNY-24OCT12,2024-10-12,73.5,between,normal
HIGHNY-24OCT13,2024-10-13,69.5,between,normal
HIGHNY-24OCT14,2024-10-14,65.5,between,normal
HIGHNY-24OCT15,2024-10-15,56.5,between,normal
HIGHNY-24OCT16,2024-10-16,59.0,greater,normal
HIGHNY-24OCT17,2024-10-17,57.5,between,normal
HIGHNY-24OCT18,2024-10-18,65.5,between,normal
HIGHNY-24OCT19,2024-10-19,71.5,between,normal
HIGHNY-24OCT20,2024-10-20,72.5,between,normal
HIGHNY-24OCT21,2024-10-21,79.5,between,normal
HIGHNY-24OCT22,2024-10-22,80.5,between,normal
HIGHNY-24OCT23,2024-10-23,75.5,between,normal
HIGHNY-24SEP01,2024-09-01,80.5,between,normal
HIGHNY-24SEP02,2024-09-02,78.5,between,normal
HIGHNY-24SEP03,2024-09-03,74.5,between,normal
HIGHNY-24SEP04,2024-09-04,77.5,between,normal
HIGHNY-24SEP05,2024-09-05,76.5,between,normal
HIGHNY-24SEP06,2024-09-06,78.5,between,normal
HIGHNY-24SEP07,2024-09-07,76.5,between,normal
HIGHNY-24SEP08,2024-09-08,69.5,between,normal
HIGHNY-24SEP09,2024-09-09,74.5,between,normal
HIGHNY-24SEP10,2024-09-10,77.5,between,normal
HIGHNY-24SEP11,2024-09-11,79.5,between,normal
HIGHNY-24SEP12,2024-09-12,80.5,between,normal
HIGHNY-24SEP13,2024-09-13,82.5,between,normal
HIGHNY-24SEP14,2024-09-14,82.5,between,normal
HIGHNY-24SEP15,2024-09-15,79.5,between,normal
HIGHNY-24SEP16,2024-09-16,77.5,between,normal
HIGHNY-24SEP17,2024-09-17,78.5,between,normal
HIGHNY-24SEP18,2024-09-18,74.5,between,normal
HIGHNY-24SEP19,2024-09-19,80.0,greater,normal
HIGHNY-24SEP20,2024-09-20,80.0,greater,normal
HIGHNY-24SEP21,2024-09-21,78.5,between,normal
HIGHNY-24SEP22,2024-09-22,73.5,between,normal
HIGHNY-24SEP23,2024-09-23,67.5,between,normal
HIGHNY-24SEP24,2024-09-24,68.5,between,normal
HIGHNY-24SEP25,2024-09-25,68.5,between,normal
HIGHNY-24SEP26,2024-09-26,74.5,between,normal
HIGHNY-24SEP27,2024-09-27,74.5,between,normal
HIGHNY-24SEP28,2024-09-28,68.5,between,normal
HIGHNY-24SEP29,2024-09-29,63.0,less,normal
HIGHNY-24SEP30,2024-09-30,71.5,between,normal
KXHIGHNY-24DEC01,2024-12-01,37.5,between,extreme
KXHIGHNY-24DEC02,2024-12-02,38.5,between,extreme
KXHIGHNY-24DEC03,2024-12-03,41.5,between,extreme
KXHIGHNY-24DEC04,2024-12-04,41.5,between,extreme
KXHIGHNY-24DEC05,2024-12-05,40.5,between,extreme
KXHIGHNY-24DEC06,2024-12-06,33.5,between,extreme
KXHIGHNY-24DEC07,2024-12-07,40.5,between,extreme
KXHIGHNY-24DEC08,2024-12-08,54.0,greater,normal
KXHIGHNY-24DEC09,2024-12-09,50.5,between,normal
KXHIGHNY-24DEC10,2024-12-10,50.5,between,normal
KXHIGHNY-24DEC11,2024-12-11,60.5,between,normal
KXHIGHNY-24DEC12,2024-12-12,41.5,between,extreme
KXHIGHNY-24DEC13,2024-12-13,33.5,between,extreme
KXHIGHNY-24DEC14,2024-12-14,34.5,between,extreme
KXHIGHNY-24DEC15,2024-12-15,41.5,between,extreme
KXHIGHNY-24DEC16,2024-12-16,51.5,between,normal
KXHIGHNY-24DEC17,2024-12-17,59.5,between,normal
KXHIGHNY-24DEC18,2024-12-18,53.0,greater,normal
KXHIGHNY-24DEC19,2024-12-19,44.5,between,normal
KXHIGHNY-24DEC20,2024-12-20,37.5,between,extreme
KXHIGHNY-24DEC21,2024-12-21,33.5,between,extreme
KXHIGHNY-24DEC22,2024-12-22,21.5,between,extreme
KXHIGHNY-24DEC23,2024-12-23,30.5,between,extreme
KXHIGHNY-24DEC24,2024-12-24,38.5,between,extreme
KXHIGHNY-24DEC25,2024-12-25,35.5,between,extreme
KXHIGHNY-24DEC26,2024-12-26,36.5,between,extreme
KXHIGHNY-24DEC27,2024-12-27,43.0,greater,normal
KXHIGHNY-24DEC28,2024-12-28,51.0,greater,normal
KXHIGHNY-24DEC29,2024-12-29,59.5,between,normal
KXHIGHNY-24DEC30,2024-12-30,58.5,between,normal
KXHIGHNY-24DEC31,2024-12-31,52.5,between,normal
KXHIGHNY-24NOV01,2024-11-01,78.5,between,normal
KXHIGHNY-24NOV02,2024-11-02,59.5,between,normal
KXHIGHNY-24NOV03,2024-11-03,54.5,between,normal
KXHIGHNY-24NOV04,2024-11-04,57.5,between,normal
KXHIGHNY-24NOV05,2024-11-05,73.5,between,normal
KXHIGHNY-24NOV06,2024-11-06,79.5,between,normal
KXHIGHNY-24NOV07,2024-11-07,72.5,between,normal
KXHIGHNY-24NOV08,2024-11-08,69.5,between,normal
KXHIGHNY-24NOV09,2024-11-09,54.5,between,normal
KXHIGHNY-24NOV10,2024-11-10,57.5,between,normal
KXHIGHNY-24NOV11,2024-11-11,67.5,between,normal
KXHIGHNY-24NOV12,2024-11-12,57.0,greater,normal
KXHIGHNY-24NOV13,2024-11-13,50.5,between,normal
KXHIGHNY-24NOV14,2024-11-14,46.5,between,normal
KXHIGHNY-24NOV15,2024-11-15,58.5,between,normal
KXHIGHNY-24NOV16,2024-11-16,61.5,between,normal
KXHIGHNY-24NOV17,2024-11-17,62.5,between,normal
KXHIGHNY-24NOV18,2024-11-18,66.5,between,normal
KXHIGHNY-24NOV19,2024-11-19,60.5,between,normal
KXHIGHNY-24NOV20,2024-11-20,59.5,between,normal
KXHIGHNY-24NOV21,2024-11-21,54.5,between,normal
KXHIGHNY-24NOV22,2024-11-22,40.0,less,extreme
KXHIGHNY-24NOV23,2024-11-23,48.5,between,normal
KXHIGHNY-24NOV24,2024-11-24,53.5,between,normal
KXHIGHNY-24NOV25,2024-11-25,54.5,between,normal
KXHIGHNY-24NOV26,2024-11-26,58.5,between,normal
KXHIGHNY-24NOV27,2024-11-27,52.5,between,normal
KXHIGHNY-24NOV28,2024-11-28,48.5,between,normal
KXHIGHNY-24NOV29,2024-11-29,46.5,between,normal
KXHIGHNY-24NOV30,2024-11-30,38.5,between,extreme
KXHIGHNY-24OCT24,2024-10-24,68.0,greater,normal
KXHIGHNY-24OCT25,2024-10-25,61.5,between,normal
KXHIGHNY-24OCT26,2024-10-26,63.5,between,normal
KXHIGHNY-24OCT27,2024-10-27,57.5,between,normal
KXHIGHNY-24OCT28,2024-10-28,61.5,between,normal
KXHIGHNY-24OCT29,2024-10-29,62.5,between,normal
KXHIGHNY-24OCT30,2024-10-30,75.5,between,normal
KXHIGHNY-24OCT31,2024-10-31,80.5,between,normal
KXHIGHNY-25APR01,2025-04-01,57.5,between,normal
KXHIGHNY-25APR02,2025-04-02,48.5,between,normal
KXHIGHNY-25APR03,2025-04-03,72.5,between,normal
KXHIGHNY-25APR04,2025-04-04,71.0,greater,normal
KXHIGHNY-25APR05,2025-04-05,59.5,between,normal
KXHIGHNY-25APR06,2025-04-06,55.5,between,normal
KXHIGHNY-25APR07,2025-04-07,50.5,between,normal
KXHIGHNY-25APR08,2025-04-08,45.0,less,normal
KXHIGHNY-25APR09,2025-04-09,49.5,between,normal
KXHIGHNY-25APR10,2025-04-10,51.5,between,normal
KXHIGHNY-25APR11,2025-04-11,47.0,less,normal
KXHIGHNY-25APR12,2025-04-12,40.0,less,extreme
KXHIGHNY-25APR13,2025-04-13,57.5,between,normal
KXHIGHNY-25APR14,2025-04-14,65.5,between,normal
KXHIGHNY-25APR15,2025-04-15,68.5,between,normal
KXHIGHNY-25APR16,2025-04-16,49.5,between,normal
KXHIGHNY-25APR17,2025-04-17,64.5,between,normal
KXHIGHNY-25APR18,2025-04-18,68.5,between,normal
KXHIGHNY-25APR19,2025-04-19,85.5,between,extreme
KXHIGHNY-25APR20,2025-04-20,72.5,between,normal
KXHIGHNY-25APR21,2025-04-21,56.5,between,normal
KXHIGHNY-25APR22,2025-04-22,82.0,greater,normal
KXHIGHNY-25APR23,2025-04-23,76.5,between,normal
KXHIGHNY-25APR24,2025-04-24,76.0,greater,normal
KXHIGHNY-25APR25,2025-04-25,77.5,between,normal
KXHIGHNY-25APR26,2025-04-26,73.5,between,normal
KXHIGHNY-25APR27,2025-04-27,58.5,between,normal
KXHIGHNY-25APR28,2025-04-28,76.5,between,normal
KXHIGHNY-25APR29,2025-04-29,78.5,between,normal
KXHIGHNY-25APR30,2025-04-30,73.5,between,normal
KXHIGHNY-25AUG01,2025-08-01,73.5,between,normal
KXHIGHNY-25AUG02,2025-08-02,79.5,between,normal
KXHIGHNY-25AUG03,2025-08-03,84.5,between,normal
KXHIGHNY-25AUG04,2025-08-04,88.5,between,extreme
KXHIGHNY-25AUG05,2025-08-05,85.5,between,extreme
KXHIGHNY-25AUG06,2025-08-06,79.5,between,normal
KXHIGHNY-25AUG07,2025-08-07,80.5,between,normal
KXHIGHNY-25AUG08,2025-08-08,81.5,between,normal
KXHIGHNY-25AUG09,2025-08-09,85.5,between,extreme
KXHIGHNY-25AUG10,2025-08-10,89.5,between,extreme
KXHIGHNY-25AUG11,2025-08-11,88.5,between,extreme
KXHIGHNY-25AUG12,2025-08-12,90.5,between,extreme
KXHIGHNY-25AUG13,2025-08-13,88.5,between,extreme
KXHIGHNY-25AUG14,2025-08-14,88.5,between,extreme
KXHIGHNY-25AUG15,2025-08-15,89.5,between,extreme
KXHIGHNY-25AUG16,2025-08-16,83.5,between,normal
KXHIGHNY-25AUG17,2025-08-17,90.5,between,extreme
KXHIGHNY-25AUG18,2025-08-18,75.5,between,normal
KXHIGHNY-25AUG19,2025-08-19,77.5,between,normal
KXHIGHNY-25AUG20,2025-08-20,70.5,between,normal
KXHIGHNY-25AUG21,2025-08-21,71.5,between,normal
KXHIGHNY-25AUG22,2025-08-22,83.5,between,normal
KXHIGHNY-25AUG23,2025-08-23,82.5,between,normal
KXHIGHNY-25AUG24,2025-08-24,79.5,between,normal
KXHIGHNY-25AUG25,2025-08-25,86.5,between,extreme
KXHIGHNY-25AUG26,2025-08-26,79.5,between,normal
KXHIGHNY-25AUG27,2025-08-27,75.5,between,normal
KXHIGHNY-25AUG28,2025-08-28,78.5,between,normal
KXHIGHNY-25AUG29,2025-08-29,77.5,between,normal
KXHIGHNY-25AUG30,2025-08-30,75.5,between,normal
KXHIGHNY-25AUG31,2025-08-31,78.5,between,normal
KXHIGHNY-25DEC01,2025-12-01,42.5,between,extreme
KXHIGHNY-25DEC02,2025-12-02,39.5,between,extreme
KXHIGHNY-25DEC03,2025-12-03,41.5,between,extreme
KXHIGHNY-25DEC04,2025-12-04,41.5,between,extreme
KXHIGHNY-25DEC05,2025-12-05,32.5,between,extreme
KXHIGHNY-25DEC06,2025-12-06,41.5,between,extreme
KXHIGHNY-25DEC07,2025-12-07,43.5,between,normal
KXHIGHNY-25DEC08,2025-12-08,37.5,between,extreme
KXHIGHNY-25DEC09,2025-12-09,34.5,between,extreme
KXHIGHNY-25DEC10,2025-12-10,46.5,between,normal
KXHIGHNY-25DEC11,2025-12-11,40.5,between,extreme
KXHIGHNY-25DEC12,2025-12-12,34.5,between,extreme
KXHIGHNY-25DEC13,2025-12-13,40.5,between,extreme
KXHIGHNY-25DEC14,2025-12-14,33.0,less,extreme
KXHIGHNY-25DEC15,2025-12-15,28.5,between,extreme
KXHIGHNY-25DEC16,2025-12-16,32.5,between,extreme
KXHIGHNY-25DEC17,2025-12-17,47.5,between,normal
KXHIGHNY-25DEC18,2025-12-18,50.5,between,normal
KXHIGHNY-25DEC19,2025-12-19,58.5,between,normal
KXHIGHNY-25DEC20,2025-12-20,38.5,between,extreme
KXHIGHNY-25DEC21,2025-12-21,46.5,between,normal
KXHIGHNY-25DEC22,2025-12-22,38.5,between,extreme
KXHIGHNY-25DEC23,2025-12-23,40.5,between,extreme
KXHIGHNY-25DEC24,2025-12-24,46.5,between,normal
KXHIGHNY-25DEC25,2025-12-25,49.0,greater,normal
KXHIGHNY-25DEC26,2025-12-26,29.5,between,extreme
KXHIGHNY-25DEC27,2025-12-27,31.5,between,extreme
KXHIGHNY-25DEC28,2025-12-28,39.5,between,extreme
KXHIGHNY-25DEC29,2025-12-29,48.5,between,normal
KXHIGHNY-25DEC30,2025-12-30,32.5,between,extreme
KXHIGHNY-25DEC31,2025-12-31,33.5,between,extreme
KXHIGHNY-25FEB10,2025-02-10,37.5,between,extreme
KXHIGHNY-25FEB11,2025-02-11,34.5,between,extreme
KXHIGHNY-25FEB12,2025-02-12,36.5,between,extreme
KXHIGHNY-25FEB13,2025-02-13,45.5,between,normal
KXHIGHNY-25FEB14,2025-02-14,35.5,between,extreme
KXHIGHNY-25FEB15,2025-02-15,35.5,between,extreme
KXHIGHNY-25FEB16,2025-02-16,47.0,less,normal
KXHIGHNY-25FEB17,2025-02-17,35.5,between,extreme
KXHIGHNY-25FEB18,2025-02-18,27.5,between,extreme
KXHIGHNY-25FEB19,2025-02-19,30.5,between,extreme
KXHIGHNY-25FEB20,2025-02-20,28.5,between,extreme
KXHIGHNY-25FEB21,2025-02-21,35.0,greater,extreme
KXHIGHNY-25FEB22,2025-02-22,38.5,between,extreme
KXHIGHNY-25FEB23,2025-02-23,46.5,between,normal
KXHIGHNY-25FEB24,2025-02-24,48.5,between,normal
KXHIGHNY-25FEB25,2025-02-25,56.5,between,normal
KXHIGHNY-25FEB26,2025-02-26,55.5,between,normal
KXHIGHNY-25FEB27,2025-02-27,54.5,between,normal
KXHIGHNY-25FEB28,2025-02-28,50.5,between,normal
KXHIGHNY-25JAN01,2025-01-01,51.5,between,normal
KXHIGHNY-25JAN02,2025-01-02,42.5,between,extreme
KXHIGHNY-25JAN03,2025-01-03,39.5,between,extreme
KXHIGHNY-25JAN04,2025-01-04,33.5,between,extreme
KXHIGHNY-25JAN05,2025-01-05,32.5,between,extreme
KXHIGHNY-25JAN06,2025-01-06,30.5,between,extreme
KXHIGHNY-25JAN07,2025-01-07,32.5,between,extreme
KXHIGHNY-25JAN08,2025-01-08,29.5,between,extreme
KXHIGHNY-25JAN09,2025-01-09,32.5,between,extreme
KXHIGHNY-25JAN10,2025-01-10,39.5,between,extreme
KXHIGHNY-25JAN11,2025-01-11,35.5,between,extreme
KXHIGHNY-25JAN12,2025-01-12,42.5,between,extreme
KXHIGHNY-25JAN13,2025-01-13,41.5,between,extreme
KXHIGHNY-25JAN14,2025-01-14,34.5,between,extreme
KXHIGHNY-25JAN15,2025-01-15,31.5,between,extreme
KXHIGHNY-25JUL01,2025-07-01,88.5,between,extreme
KXHIGHNY-25JUL02,2025-07-02,83.5,between,normal
KXHIGHNY-25JUL03,2025-07-03,87.5,between,extreme
KXHIGHNY-25JUL04,2025-07-04,82.5,between,normal
KXHIGHNY-25JUL05,2025-07-05,84.5,between,normal
KXHIGHNY-25JUL06,2025-07-06,86.5,between,extreme
KXHIGHNY-25JUL07,2025-07-07,87.5,between,extreme
KXHIGHNY-25JUL08,2025-07-08,92.5,between,extreme
KXHIGHNY-25JUL09,2025-07-09,90.5,between,extreme
KXHIGHNY-25JUL10,2025-07-10,83.5,between,normal
KXHIGHNY-25JUL11,2025-07-11,83.5,between,normal
KXHIGHNY-25JUL12,2025-07-12,82.5,between,normal
KXHIGHNY-25JUL13,2025-07-13,82.5,between,normal
KXHIGHNY-25JUL14,2025-07-14,84.5,between,normal
KXHIGHNY-25JUL15,2025-07-15,86.5,between,extreme
KXHIGHNY-25JUL16,2025-07-16,86.5,between,extreme
KXHIGHNY-25JUL17,2025-07-17,89.5,between,extreme
KXHIGHNY-25JUL18,2025-07-18,81.5,between,normal
KXHIGHNY-25JUL19,2025-07-19,81.5,between,normal
KXHIGHNY-25JUL20,2025-07-20,87.5,between,extreme
KXHIGHNY-25JUL21,2025-07-21,84.5,between,normal
KXHIGHNY-25JUL22,2025-07-22,80.5,between,normal
KXHIGHNY-25JUL23,2025-07-23,83.0,less,normal
KXHIGHNY-25JUL24,2025-07-24,86.5,between,extreme
KXHIGHNY-25JUL25,2025-07-25,94.5,between,extreme
KXHIGHNY-25JUL26,2025-07-26,85.5,between,extreme
KXHIGHNY-25JUL27,2025-07-27,83.5,between,normal
KXHIGHNY-25JUL28,2025-07-28,94.5,between,extreme
KXHIGHNY-25JUL29,2025-07-29,97.5,between,extreme
KXHIGHNY-25JUL30,2025-07-30,95.5,between,extreme
KXHIGHNY-25JUL31,2025-07-31,88.5,between,extreme
KXHIGHNY-25JUN01,2025-06-01,66.5,between,normal
KXHIGHNY-25JUN02,2025-06-02,71.0,less,normal
KXHIGHNY-25JUN03,2025-06-03,78.5,between,normal
KXHIGHNY-25JUN04,2025-06-04,82.5,between,normal
KXHIGHNY-25JUN05,2025-06-05,86.5,between,extreme
KXHIGHNY-25JUN06,2025-06-06,83.5,between,normal
KXHIGHNY-25JUN07,2025-06-07,76.0,less,normal
KXHIGHNY-25JUN08,2025-06-08,76.5,between,normal
KXHIGHNY-25JUN09,2025-06-09,68.0,less,normal
KXHIGHNY-25JUN10,2025-06-10,74.0,less,normal
KXHIGHNY-25JUN11,2025-06-11,81.0,less,normal
KXHIGHNY-25JUN12,2025-06-12,87.5,between,extreme
KXHIGHNY-25JUN13,2025-06-13,78.5,between,normal
KXHIGHNY-25JUN14,2025-06-14,67.5,between,normal
KXHIGHNY-25JUN15,2025-06-15,64.5,between,normal
KXHIGHNY-25JUN16,2025-06-16,68.5,between,normal
KXHIGHNY-25JUN17,2025-06-17,68.0,less,normal
KXHIGHNY-25JUN18,2025-06-18,83.5,between,normal
KXHIGHNY-25JUN19,2025-06-19,87.5,between,extreme
KXHIGHNY-25JUN20,2025-06-20,81.5,between,normal
KXHIGHNY-25JUN21,2025-06-21,86.5,between,extreme
KXHIGHNY-25JUN22,2025-06-22,92.0,less,extreme
KXHIGHNY-25JUN23,2025-06-23,96.5,between,extreme
KXHIGHNY-25JUN24,2025-06-24,98.5,between,extreme
KXHIGHNY-25JUN25,2025-06-25,96.5,between,extreme
KXHIGHNY-25JUN26,2025-06-26,85.5,between,extreme
KXHIGHNY-25JUN27,2025-06-27,71.5,between,normal
KXHIGHNY-25JUN28,2025-06-28,82.5,between,normal
KXHIGHNY-25JUN29,2025-06-29,88.5,between,extreme
KXHIGHNY-25JUN30,2025-06-30,90.5,between,extreme
KXHIGHNY-25MAR01,2025-03-01,59.0,greater,normal
KXHIGHNY-25MAR02,2025-03-02,33.5,between,extreme
KXHIGHNY-25MAR03,2025-03-03,39.5,between,extreme
KXHIGHNY-25MAR04,2025-03-04,51.5,between,normal
KXHIGHNY-25MAR05,2025-03-05,54.5,between,normal
KXHIGHNY-25MAR06,2025-03-06,54.5,between,normal
KXHIGHNY-25MAR07,2025-03-07,49.5,between,normal
KXHIGHNY-25MAR08,2025-03-08,44.5,between,normal
KXHIGHNY-25MAR09,2025-03-09,53.0,greater,normal
KXHIGHNY-25MAR10,2025-03-10,65.5,between,normal
KXHIGHNY-25MAR11,2025-03-11,64.5,between,normal
KXHIGHNY-25MAR12,2025-03-12,54.5,between,normal
KXHIGHNY-25MAR13,2025-03-13,50.5,between,normal
KXHIGHNY-25MAR14,2025-03-14,56.5,between,normal
KXHIGHNY-25MAR15,2025-03-15,55.0,less,normal
KXHIGHNY-25MAR16,2025-03-16,61.5,between,normal
KXHIGHNY-25MAR17,2025-03-17,59.5,between,normal
KXHIGHNY-25MAR18,2025-03-18,60.5,between,normal
KXHIGHNY-25MAR19,2025-03-19,62.5,between,normal
KXHIGHNY-25MAR20,2025-03-20,52.5,between,normal
KXHIGHNY-25MAR21,2025-03-21,51.5,between,normal
KXHIGHNY-25MAR22,2025-03-22,63.5,between,normal
KXHIGHNY-25MAR23,2025-03-23,47.5,between,normal
KXHIGHNY-25MAR24,2025-03-24,53.0,less,normal
KXHIGHNY-25MAR25,2025-03-25,57.5,between,normal
KXHIGHNY-25MAR26,2025-03-26,52.5,between,normal
KXHIGHNY-25MAR27,2025-03-27,52.5,between,normal
KXHIGHNY-25MAR28,2025-03-28,63.5,between,normal
KXHIGHNY-25MAR29,2025-03-29,81.5,between,normal
KXHIGHNY-25MAR30,2025-03-30,52.0,less,normal
KXHIGHNY-25MAR31,2025-03-31,73.5,between,normal
KXHIGHNY-25MAY01,2025-05-01,70.5,between,normal
KXHIGHNY-25MAY02,2025-05-02,83.5,between,normal
KXHIGHNY-25MAY03,2025-05-03,84.5,between,normal
KXHIGHNY-25MAY04,2025-05-04,69.0,less,normal
KXHIGHNY-25MAY05,2025-05-05,60.5,between,normal
KXHIGHNY-25MAY06,2025-05-06,64.5,between,normal
KXHIGHNY-25MAY07,2025-05-07,74.5,between,normal
KXHIGHNY-25MAY08,2025-05-08,77.5,between,normal
KXHIGHNY-25MAY09,2025-05-09,60.5,between,normal
KXHIGHNY-25MAY10,2025-05-10,72.5,between,normal
KXHIGHNY-25MAY11,2025-05-11,77.5,between,normal
KXHIGHNY-25MAY12,2025-05-12,72.5,between,normal
KXHIGHNY-25MAY13,2025-05-13,69.0,less,normal
KXHIGHNY-25MAY14,2025-05-14,62.0,less,normal
KXHIGHNY-25MAY15,2025-05-15,69.5,between,normal
KXHIGHNY-25MAY16,2025-05-16,71.5,between,normal
KXHIGHNY-25MAY17,2025-05-17,82.5,between,normal
KXHIGHNY-25MAY18,2025-05-18,72.5,between,normal
KXHIGHNY-25MAY19,2025-05-19,69.5,between,normal
KXHIGHNY-25MAY20,2025-05-20,66.5,between,normal
KXHIGHNY-25MAY21,2025-05-21,58.5,between,normal
KXHIGHNY-25MAY22,2025-05-22,51.5,between,normal
KXHIGHNY-25MAY23,2025-05-23,62.5,between,normal
KXHIGHNY-25MAY24,2025-05-24,64.5,between,normal
KXHIGHNY-25MAY25,2025-05-25,65.5,between,normal
KXHIGHNY-25MAY26,2025-05-26,72.5,between,normal
KXHIGHNY-25MAY27,2025-05-27,73.5,between,normal
KXHIGHNY-25MAY28,2025-05-28,64.5,between,normal
KXHIGHNY-25MAY29,2025-05-29,67.0,less,normal
KXHIGHNY-25MAY30,2025-05-30,75.5,between,normal
KXHIGHNY-25MAY31,2025-05-31,67.0,less,normal
KXHIGHNY-25NOV01,2025-11-01,57.5,between,normal
KXHIGHNY-25NOV02,2025-11-02,59.5,between,normal
KXHIGHNY-25NOV03,2025-11-03,59.5,between,normal
KXHIGHNY-25NOV04,2025-11-04,58.5,between,normal
KXHIGHNY-25NOV05,2025-11-05,66.5,between,normal
KXHIGHNY-25NOV06,2025-11-06,57.5,between,normal
KXHIGHNY-25NOV07,2025-11-07,61.5,between,normal
KXHIGHNY-25NOV08,2025-11-08,64.5,between,normal
KXHIGHNY-25NOV09,2025-11-09,63.5,between,normal
KXHIGHNY-25NOV10,2025-11-10,59.5,between,normal
KXHIGHNY-25NOV11,2025-11-11,41.5,between,extreme
KXHIGHNY-25NOV12,2025-11-12,49.5,between,normal
KXHIGHNY-25NOV13,2025-11-13,50.5,between,normal
KXHIGHNY-25NOV14,2025-11-14,51.5,between,normal
KXHIGHNY-25NOV15,2025-11-15,49.5,between,normal
KXHIGHNY-25NOV16,2025-11-16,56.5,between,normal
KXHIGHNY-25NOV17,2025-11-17,43.5,between,normal
KXHIGHNY-25NOV18,2025-11-18,45.5,between,normal
KXHIGHNY-25NOV19,2025-11-19,47.5,between,normal
KXHIGHNY-25NOV20,2025-11-20,47.5,between,normal
KXHIGHNY-25NOV21,2025-11-21,52.5,between,normal
KXHIGHNY-25NOV22,2025-11-22,51.5,between,normal
KXHIGHNY-25NOV23,2025-11-23,49.5,between,normal
KXHIGHNY-25NOV24,2025-11-24,51.5,between,normal
KXHIGHNY-25NOV25,2025-11-25,58.5,between,normal
KXHIGHNY-25NOV26,2025-11-26,58.5,between,normal
KXHIGHNY-25NOV27,2025-11-27,49.5,between,normal
KXHIGHNY-25NOV28,2025-11-28,43.5,between,normal
KXHIGHNY-25NOV29,2025-11-29,41.5,between,extreme
KXHIGHNY-25NOV30,2025-11-30,46.5,between,normal
KXHIGHNY-25OCT01,2025-10-01,69.5,between,normal
KXHIGHNY-25OCT02,2025-10-02,66.5,between,normal
KXHIGHNY-25OCT03,2025-10-03,70.5,between,normal
KXHIGHNY-25OCT04,2025-10-04,81.5,between,normal
KXHIGHNY-25OCT05,2025-10-05,84.5,between,normal
KXHIGHNY-25OCT06,2025-10-06,79.5,between,normal
KXHIGHNY-25OCT07,2025-10-07,79.5,between,normal
KXHIGHNY-25OCT08,2025-10-08,71.5,between,normal
KXHIGHNY-25OCT09,2025-10-09,58.5,between,normal
KXHIGHNY-25OCT10,2025-10-10,62.5,between,normal
KXHIGHNY-25OCT11,2025-10-11,64.5,between,normal
KXHIGHNY-25OCT12,2025-10-12,63.5,between,normal
KXHIGHNY-25OCT13,2025-10-13,58.5,between,normal
KXHIGHNY-25OCT14,2025-10-14,60.5,between,normal
KXHIGHNY-25OCT15,2025-10-15,67.5,between,normal
KXHIGHNY-25OCT16,2025-10-16,60.5,between,normal
KXHIGHNY-25OCT17,2025-10-17,63.5,between,normal
KXHIGHNY-25OCT18,2025-10-18,64.5,between,normal
KXHIGHNY-25OCT19,2025-10-19,70.5,between,normal
KXHIGHNY-25OCT20,2025-10-20,68.5,between,normal
KXHIGHNY-25OCT21,2025-10-21,65.5,between,normal
KXHIGHNY-25OCT22,2025-10-22,61.5,between,normal
KXHIGHNY-25OCT23,2025-10-23,60.5,between,normal
KXHIGHNY-25OCT24,2025-10-24,59.5,between,normal
KXHIGHNY-25OCT25,2025-10-25,57.5,between,normal
KXHIGHNY-25OCT26,2025-10-26,58.5,between,normal
KXHIGHNY-25OCT27,2025-10-27,54.5,between,normal
KXHIGHNY-25OCT28,2025-10-28,54.5,between,normal
KXHIGHNY-25OCT29,2025-10-29,56.5,between,normal
KXHIGHNY-25OCT30,2025-10-30,62.5,between,normal
KXHIGHNY-25OCT31,2025-10-31,58.5,between,normal
KXHIGHNY-25SEP01,2025-09-01,77.5,between,normal
KXHIGHNY-25SEP02,2025-09-02,78.5,between,normal
KXHIGHNY-25SEP03,2025-09-03,78.5,between,normal
KXHIGHNY-25SEP04,2025-09-04,76.5,between,normal
KXHIGHNY-25SEP05,2025-09-05,82.5,between,normal
KXHIGHNY-25SEP06,2025-09-06,85.5,between,extreme
KXHIGHNY-25SEP07,2025-09-07,69.5,between,normal
KXHIGHNY-25SEP08,2025-09-08,72.5,between,normal
KXHIGHNY-25SEP09,2025-09-09,72.5,between,normal
KXHIGHNY-25SEP10,2025-09-10,73.5,between,normal
KXHIGHNY-25SEP11,2025-09-11,78.5,between,normal
KXHIGHNY-25SEP12,2025-09-12,77.5,between,normal
KXHIGHNY-25SEP13,2025-09-13,77.5,between,normal
KXHIGHNY-25SEP14,2025-09-14,81.5,between,normal
KXHIGHNY-25SEP15,2025-09-15,79.5,between,normal
KXHIGHNY-25SEP16,2025-09-16,73.5,between,normal
KXHIGHNY-25SEP17,2025-09-17,70.5,between,normal
KXHIGHNY-25SEP18,2025-09-18,82.5,between,normal
KXHIGHNY-25SEP19,2025-09-19,84.5,between,normal
KXHIGHNY-25SEP20,2025-09-20,72.5,between,normal
KXHIGHNY-25SEP21,2025-09-21,71.5,between,normal
KXHIGHNY-25SEP22,2025-09-22,72.5,between,normal
KXHIGHNY-25SEP23,2025-09-23,82.5,between,normal
KXHIGHNY-25SEP24,2025-09-24,79.5,between,normal
KXHIGHNY-25SEP25,2025-09-25,77.5,between,normal
KXHIGHNY-25SEP26,2025-09-26,81.5,between,normal
KXHIGHNY-25SEP27,2025-09-27,79.5,between,normal
KXHIGHNY-25SEP28,2025-09-28,83.5,between,normal
KXHIGHNY-25SEP29,2025-09-29,77.5,between,normal
KXHIGHNY-25SEP30,2025-09-30,80.5,between,normal
KXHIGHNY-26APR01,2026-04-01,80.0,greater,normal
KXHIGHNY-26APR02,2026-04-02,53.0,less,normal
KXHIGHNY-26APR03,2026-04-03,65.5,between,normal
KXHIGHNY-26APR04,2026-04-04,72.5,between,normal
KXHIGHNY-26APR05,2026-04-05,59.0,less,normal
KXHIGHNY-26APR06,2026-04-06,56.5,between,normal
KXHIGHNY-26APR07,2026-04-07,56.0,greater,normal
KXHIGHNY-26APR08,2026-04-08,50.5,between,normal
KXHIGHNY-26APR09,2026-04-09,52.0,less,normal
KXHIGHNY-26APR10,2026-04-10,63.5,between,normal
KXHIGHNY-26APR11,2026-04-11,63.5,between,normal
KXHIGHNY-26APR12,2026-04-12,55.0,less,normal
KXHIGHNY-26APR13,2026-04-13,78.5,between,normal
KXHIGHNY-26APR14,2026-04-14,87.0,greater,extreme
KXHIGHNY-26APR15,2026-04-15,89.5,between,extreme
KXHIGHNY-26APR16,2026-04-16,88.5,between,extreme
KXHIGHNY-26APR17,2026-04-17,81.5,between,normal
KXHIGHNY-26APR18,2026-04-18,65.5,between,normal
KXHIGHNY-26APR19,2026-04-19,53.0,less,normal
KXHIGHNY-26APR20,2026-04-20,51.5,between,normal
KXHIGHNY-26APR21,2026-04-21,53.5,between,normal
KXHIGHNY-26APR22,2026-04-22,56.0,less,normal
KXHIGHNY-26APR23,2026-04-23,72.5,between,normal
KXHIGHNY-26APR24,2026-04-24,68.0,greater,normal
KXHIGHNY-26APR25,2026-04-25,50.0,less,normal
KXHIGHNY-26APR26,2026-04-26,57.5,between,normal
KXHIGHNY-26APR27,2026-04-27,68.5,between,normal
KXHIGHNY-26APR28,2026-04-28,65.5,between,normal
KXHIGHNY-26APR29,2026-04-29,62.5,between,normal
KXHIGHNY-26APR30,2026-04-30,60.0,less,normal
KXHIGHNY-26FEB01,2026-02-01,24.5,between,extreme
KXHIGHNY-26FEB02,2026-02-02,35.5,between,extreme
KXHIGHNY-26FEB03,2026-02-03,32.5,between,extreme
KXHIGHNY-26FEB04,2026-02-04,32.5,between,extreme
KXHIGHNY-26FEB05,2026-02-05,31.5,between,extreme
KXHIGHNY-26FEB06,2026-02-06,32.5,between,extreme
KXHIGHNY-26FEB07,2026-02-07,26.5,between,extreme
KXHIGHNY-26FEB08,2026-02-08,17.5,between,extreme
KXHIGHNY-26FEB09,2026-02-09,30.5,between,extreme
KXHIGHNY-26FEB10,2026-02-10,36.5,between,extreme
KXHIGHNY-26FEB11,2026-02-11,40.5,between,extreme
KXHIGHNY-26FEB12,2026-02-12,36.5,between,extreme
KXHIGHNY-26FEB13,2026-02-13,37.5,between,extreme
KXHIGHNY-26FEB14,2026-02-14,46.5,between,normal
KXHIGHNY-26FEB15,2026-02-15,40.5,between,extreme
KXHIGHNY-26FEB16,2026-02-16,39.5,between,extreme
KXHIGHNY-26FEB17,2026-02-17,46.5,between,normal
KXHIGHNY-26FEB18,2026-02-18,43.0,less,normal
KXHIGHNY-26FEB19,2026-02-19,42.5,between,extreme
KXHIGHNY-26FEB20,2026-02-20,38.0,less,extreme
KXHIGHNY-26FEB21,2026-02-21,45.5,between,normal
KXHIGHNY-26FEB22,2026-02-22,38.5,between,extreme
KXHIGHNY-26FEB23,2026-02-23,35.5,between,extreme
KXHIGHNY-26FEB24,2026-02-24,30.5,between,extreme
KXHIGHNY-26FEB25,2026-02-25,43.5,between,normal
KXHIGHNY-26FEB26,2026-02-26,44.0,greater,normal
KXHIGHNY-26FEB27,2026-02-27,44.5,between,normal
KXHIGHNY-26FEB28,2026-02-28,54.5,between,normal
KXHIGHNY-26JAN01,2026-01-01,36.5,between,extreme
KXHIGHNY-26JAN02,2026-01-02,30.5,between,extreme
KXHIGHNY-26JAN03,2026-01-03,29.5,between,extreme
KXHIGHNY-26JAN04,2026-01-04,35.5,between,extreme
KXHIGHNY-26JAN05,2026-01-05,39.5,between,extreme
KXHIGHNY-26JAN06,2026-01-06,41.5,between,extreme
KXHIGHNY-26JAN07,2026-01-07,49.5,between,normal
KXHIGHNY-26JAN08,2026-01-08,50.5,between,normal
KXHIGHNY-26JAN09,2026-01-09,53.5,between,normal
KXHIGHNY-26JAN10,2026-01-10,52.5,between,normal
KXHIGHNY-26JAN11,2026-01-11,46.5,between,normal
KXHIGHNY-26JAN12,2026-01-12,41.5,between,extreme
KXHIGHNY-26JAN13,2026-01-13,47.5,between,normal
KXHIGHNY-26JAN14,2026-01-14,51.5,between,normal
KXHIGHNY-26JAN15,2026-01-15,47.5,between,normal
KXHIGHNY-26JAN16,2026-01-16,33.5,between,extreme
KXHIGHNY-26JAN17,2026-01-17,38.5,between,extreme
KXHIGHNY-26JAN18,2026-01-18,35.5,between,extreme
KXHIGHNY-26JAN19,2026-01-19,32.5,between,extreme
KXHIGHNY-26JAN20,2026-01-20,26.5,between,extreme
KXHIGHNY-26JAN21,2026-01-21,39.5,between,extreme
KXHIGHNY-26JAN22,2026-01-22,46.5,between,normal
KXHIGHNY-26JAN23,2026-01-23,38.5,between,extreme
KXHIGHNY-26JAN24,2026-01-24,16.5,between,extreme
KXHIGHNY-26JAN25,2026-01-25,22.0,less,extreme
KXHIGHNY-26JAN26,2026-01-26,27.5,between,extreme
KXHIGHNY-26JAN27,2026-01-27,22.5,between,extreme
KXHIGHNY-26JAN28,2026-01-28,23.5,between,extreme
KXHIGHNY-26JAN29,2026-01-29,23.5,between,extreme
KXHIGHNY-26JAN30,2026-01-30,17.5,between,extreme
KXHIGHNY-26JAN31,2026-01-31,23.5,between,extreme
KXHIGHNY-26JUN01,2026-06-01,70.5,between,normal
KXHIGHNY-26JUN02,2026-06-02,75.5,between,normal
KXHIGHNY-26JUN03,2026-06-03,82.5,between,normal
KXHIGHNY-26JUN04,2026-06-04,86.5,between,extreme
KXHIGHNY-26JUN05,2026-06-05,87.5,between,extreme
KXHIGHNY-26JUN06,2026-06-06,87.5,between,extreme
KXHIGHNY-26JUN07,2026-06-07,86.0,less,extreme
KXHIGHNY-26JUN08,2026-06-08,74.5,between,normal
KXHIGHNY-26JUN09,2026-06-09,78.5,between,normal
KXHIGHNY-26JUN10,2026-06-10,81.5,between,normal
KXHIGHNY-26JUN11,2026-06-11,90.5,between,extreme
KXHIGHNY-26JUN12,2026-06-12,90.5,between,extreme
KXHIGHNY-26JUN13,2026-06-13,86.0,less,extreme
KXHIGHNY-26JUN14,2026-06-14,87.5,between,extreme
KXHIGHNY-26JUN15,2026-06-15,77.0,less,normal
KXHIGHNY-26JUN16,2026-06-16,75.5,between,normal
KXHIGHNY-26JUN17,2026-06-17,78.5,between,normal
KXHIGHNY-26JUN18,2026-06-18,85.5,between,extreme
KXHIGHNY-26JUN19,2026-06-19,81.5,between,normal
KXHIGHNY-26MAR01,2026-03-01,42.5,between,extreme
KXHIGHNY-26MAR02,2026-03-02,32.5,between,extreme
KXHIGHNY-26MAR03,2026-03-03,38.0,less,extreme
KXHIGHNY-26MAR04,2026-03-04,48.5,between,normal
KXHIGHNY-26MAR05,2026-03-05,45.5,between,normal
KXHIGHNY-26MAR06,2026-03-06,41.5,between,extreme
KXHIGHNY-26MAR07,2026-03-07,52.5,between,normal
KXHIGHNY-26MAR08,2026-03-08,68.5,between,normal
KXHIGHNY-26MAR09,2026-03-09,71.0,greater,normal
KXHIGHNY-26MAR10,2026-03-10,74.0,greater,normal
KXHIGHNY-26MAR11,2026-03-11,72.5,between,normal
KXHIGHNY-26MAR12,2026-03-12,63.0,less,normal
KXHIGHNY-26MAR13,2026-03-13,44.0,less,normal
KXHIGHNY-26MAR14,2026-03-14,51.5,between,normal
KXHIGHNY-26MAR15,2026-03-15,47.5,between,normal
KXHIGHNY-26MAR16,2026-03-16,57.5,between,normal
KXHIGHNY-26MAR17,2026-03-17,55.0,less,normal
KXHIGHNY-26MAR18,2026-03-18,37.5,between,extreme
KXHIGHNY-26MAR19,2026-03-19,43.5,between,normal
KXHIGHNY-26MAR20,2026-03-20,57.5,between,normal
KXHIGHNY-26MAR21,2026-03-21,59.5,between,normal
KXHIGHNY-26MAR22,2026-03-22,62.5,between,normal
KXHIGHNY-26MAR23,2026-03-23,53.0,less,normal
KXHIGHNY-26MAR24,2026-03-24,48.5,between,normal
KXHIGHNY-26MAR25,2026-03-25,53.5,between,normal
KXHIGHNY-26MAR26,2026-03-26,73.0,greater,normal
KXHIGHNY-26MAR27,2026-03-27,64.5,between,normal
KXHIGHNY-26MAR28,2026-03-28,44.5,between,normal
KXHIGHNY-26MAR29,2026-03-29,54.5,between,normal
KXHIGHNY-26MAR30,2026-03-30,70.0,greater,normal
KXHIGHNY-26MAR31,2026-03-31,78.0,greater,normal
KXHIGHNY-26MAY01,2026-05-01,64.5,between,normal
KXHIGHNY-26MAY02,2026-05-02,60.5,between,normal
KXHIGHNY-26MAY03,2026-05-03,59.5,between,normal
KXHIGHNY-26MAY04,2026-05-04,72.5,between,normal
KXHIGHNY-26MAY05,2026-05-05,81.5,between,normal
KXHIGHNY-26MAY06,2026-05-06,71.5,between,normal
KXHIGHNY-26MAY07,2026-05-07,64.5,between,normal
KXHIGHNY-26MAY08,2026-05-08,63.0,less,normal
KXHIGHNY-26MAY09,2026-05-09,65.5,between,normal
KXHIGHNY-26MAY10,2026-05-10,72.5,between,normal
KXHIGHNY-26MAY11,2026-05-11,61.0,less,normal
KXHIGHNY-26MAY12,2026-05-12,66.5,between,normal
KXHIGHNY-26MAY13,2026-05-13,72.5,between,normal
KXHIGHNY-26MAY14,2026-05-14,65.5,between,normal
KXHIGHNY-26MAY15,2026-05-15,65.5,between,normal
KXHIGHNY-26MAY16,2026-05-16,80.5,between,normal
KXHIGHNY-26MAY17,2026-05-17,87.5,between,extreme
KXHIGHNY-26MAY18,2026-05-18,85.0,greater,normal
KXHIGHNY-26MAY19,2026-05-19,93.5,between,extreme
KXHIGHNY-26MAY20,2026-05-20,91.5,between,extreme
KXHIGHNY-26MAY21,2026-05-21,67.0,less,normal
KXHIGHNY-26MAY22,2026-05-22,67.5,between,normal
KXHIGHNY-26MAY23,2026-05-23,56.5,between,normal
KXHIGHNY-26MAY24,2026-05-24,59.0,less,normal
KXHIGHNY-26MAY25,2026-05-25,72.5,between,normal
KXHIGHNY-26MAY26,2026-05-26,79.5,between,normal
KXHIGHNY-26MAY27,2026-05-27,81.5,between,normal
KXHIGHNY-26MAY28,2026-05-28,75.0,less,normal
KXHIGHNY-26MAY29,2026-05-29,77.0,less,normal
KXHIGHNY-26MAY30,2026-05-30,68.5,between,normal
KXHIGHNY-26MAY31,2026-05-31,74.5,between,normal
